site,plot,tree,species,dbh,dbhclass,height,lcr,class,age,ba,tpa,remin,remax,rerange,remean,aemin,aemax,aerange,aemean,aninun,meddur,medpeak,comp,Pith Score,Match Score,Core Condition,Rings
Bagley Bottoms,1,1,ACSA,14.8,14,48,45,C,43,1.19464416,10,7.099999905,8,0.900000095,7.544444455,18661,18702,41,18681.61765,80,4,125,pure,C,B,A,79
Bagley Bottoms,1,2,ACSA,21.1,21,53,25,D,45,2.42817534,10,7.099999905,8,0.900000095,7.544444455,18661,18702,41,18681.61765,80,4,125,pure,C,C,A,77
Bagley Bottoms,1,3,ACSA,13.2,13,50,60,C,41,0.95030496,10,7.099999905,8,0.900000095,7.544444455,18661,18702,41,18681.61765,80,4,125,pure,C,C,A,66
Bagley Bottoms,1,4,ACSA,17.1,17,50,60,C,40,1.59480414,10,7.099999905,8,0.900000095,7.544444455,18661,18702,41,18681.61765,80,4,125,pure,B,C,A,67
Bagley Bottoms,1,5,ACSA,12,12,47,50,C,47,0.785376,10,7.099999905,8,0.900000095,7.544444455,18661,18702,41,18681.61765,80,4,125,pure,B,B,A,82
Bagley Bottoms,1,6,ACSA,10.1,10,45,70,I,51,0.55636254,10,7.099999905,8,0.900000095,7.544444455,18661,18702,41,18681.61765,80,4,125,pure,B,C,A,124
Bagley Bottoms,1,7,ACSA,12.5,12,51,75,C,47,0.8521875,10,7.099999905,8,0.900000095,7.544444455,18661,18702,41,18681.61765,80,4,125,pure,A,B,B,96
Bagley Bottoms,1,8,ACSA,17.1,17,51,75,C,40,1.59480414,10,7.099999905,8,0.900000095,7.544444455,18661,18702,41,18681.61765,80,4,125,pure,C,B,A,41
Bagley Bottoms,1,9,ACSA,21.6,21,55,40,D,45,2.54461824,10,7.099999905,8,0.900000095,7.544444455,18661,18702,41,18681.61765,80,4,125,pure,B,C,B,79
Bagley Bottoms,1,10,ACSA,16.5,16,53,20,C,49,1.4848515,10,7.099999905,8,0.900000095,7.544444455,18661,18702,41,18681.61765,80,4,125,pure,,,,131
Bagley Bottoms,1,11,ACSA,21.2,21,53,20,C,52,2.45124576,10,7.099999905,8,0.900000095,7.544444455,18661,18702,41,18681.61765,80,4,125,pure,,,,79
Bagley Bottoms,1,12,ACSA,13.5,13,51,50,C,41,0.9939915,10,7.099999905,8,0.900000095,7.544444455,18661,18702,41,18681.61765,80,4,125,pure,,,,71
Bagley Bottoms,1,13,ACSA,31.5,31,51,50,C,51,5.4117315,10,7.099999905,8,0.900000095,7.544444455,18661,18702,41,18681.61765,80,4,125,pure,,,,89
Bagley Bottoms,2,1,ULAM,11.5,11,61.4,30,C,45,0.7212915,10,8.5,9.100000381,0.600000381,8.738461641,18711,18745,34,18725.34653,30,8,119.5,mixed,C,,A,65
Bagley Bottoms,2,2,ULAM,6.3,6,51.5,60,S,45,0.21646926,10,8.5,9.100000381,0.600000381,8.738461641,18711,18745,34,18725.34653,30,8,119.5,mixed,C,B,A,66
Bagley Bottoms,2,3,ACSA,8.5,8,73.1,15,D,50,0.3940515,10,8.5,9.100000381,0.600000381,8.738461641,18711,18745,34,18725.34653,30,8,119.5,mixed,A,C,A,61
Bagley Bottoms,2,4,ULAM,7.1,7,38.5,50,S,47,0.27493614,10,8.5,9.100000381,0.600000381,8.738461641,18711,18745,34,18725.34653,30,8,119.5,mixed,A,B,A,64
Bagley Bottoms,2,5,ACSA,14.8,14,79.6,35,D,46,1.19464416,10,8.5,9.100000381,0.600000381,8.738461641,18711,18745,34,18725.34653,30,8,119.5,mixed,C,B,A,65
Bagley Bottoms,2,6,ACSA,12,12,60,30,I,48,0.785376,10,8.5,9.100000381,0.600000381,8.738461641,18711,18745,34,18725.34653,30,8,119.5,mixed,A,A,A,NA
Bagley Bottoms,2,7,ACSA,13,13,74,20,C,46,0.921726,10,8.5,9.100000381,0.600000381,8.738461641,18711,18745,34,18725.34653,30,8,119.5,mixed,C,C,A,79
Bagley Bottoms,2,8,ACSA,15.5,15,99.8,20,D,45,1.3103235,10,8.5,9.100000381,0.600000381,8.738461641,18711,18745,34,18725.34653,30,8,119.5,mixed,C,C,A,82
Bagley Bottoms,2,9,ACSA,22,22,95.1,30,D,40,2.639736,10,8.5,9.100000381,0.600000381,8.738461641,18711,18745,34,18725.34653,30,8,119.5,mixed,C,A,A,89
Bagley Bottoms,2,10,ACSA,6,6,44.1,50,S,38,0.196344,10,8.5,9.100000381,0.600000381,8.738461641,18711,18745,34,18725.34653,30,8,119.5,mixed,B,B,B,87
Bagley Bottoms,2,11,ULAM,7.1,7,36.9,70,S,48,0.27493614,10,8.5,9.100000381,0.600000381,8.738461641,18711,18745,34,18725.34653,30,8,119.5,mixed,A,C,A,80
Bagley Bottoms,2,12,ACSA,13.9,13,75.6,50,I,52,1.05376734,10,8.5,9.100000381,0.600000381,8.738461641,18711,18745,34,18725.34653,30,8,119.5,mixed,C,C,A,97
Bagley Bottoms,2,13,ACSA,19.8,19,96.5,30,D,50,2.13818616,10,8.5,9.100000381,0.600000381,8.738461641,18711,18745,34,18725.34653,30,8,119.5,mixed,C,C,A,39
Bagley Bottoms,3,1,FRPE,18.3,18,75.3,30,C,47,1.82649006,10,10.5,11.60000038,1.100000381,11.03846158,18757,18827,70,18795.37,10,6,116,mixed,C,B,A,NA
Bagley Bottoms,3,2,ACSA,13.3,13,65.7,25,I,46,0.96475806,10,10.5,11.60000038,1.100000381,11.03846158,18757,18827,70,18795.37,10,6,116,mixed,C,B,A,65
Bagley Bottoms,3,3,ACSA,15.4,15,66,50,C,48,1.29347064,10,10.5,11.60000038,1.100000381,11.03846158,18757,18827,70,18795.37,10,6,116,mixed,C,B,B,69
Bagley Bottoms,3,4,ACSA,12.1,12,59.8,40,I,46,0.79852014,10,10.5,11.60000038,1.100000381,11.03846158,18757,18827,70,18795.37,10,6,116,mixed,C,C,B,75
Bagley Bottoms,3,5,ACSA,6.4,6,50,60,S,48,0.22339584,10,10.5,11.60000038,1.100000381,11.03846158,18757,18827,70,18795.37,10,6,116,mixed,B,B,A,67
Bagley Bottoms,3,6,FRPE,7.9,7,45.1,35,S,48,0.34038414,10,10.5,11.60000038,1.100000381,11.03846158,18757,18827,70,18795.37,10,6,116,mixed,B,,A,62
Bagley Bottoms,3,7,ACSA,22.2,22,79.3,45,C,41,2.68794936,10,10.5,11.60000038,1.100000381,11.03846158,18757,18827,70,18795.37,10,6,116,mixed,C,,A,63
Bagley Bottoms,3,8,ACSA,20.7,20,75.7,60,C,45,2.33698446,10,10.5,11.60000038,1.100000381,11.03846158,18757,18827,70,18795.37,10,6,116,mixed,C,,A,67
Bagley Bottoms,3,9,FRPE,23,23,77,15,D,59,2.885166,10,10.5,11.60000038,1.100000381,11.03846158,18757,18827,70,18795.37,10,6,116,mixed,C,,C,84
Bagley Bottoms,3,10,ULAM,9.3,9,64.9,75,C,49,0.47171646,10,10.5,11.60000038,1.100000381,11.03846158,18757,18827,70,18795.37,10,6,116,mixed,A,B,A,77
Bagley Bottoms,3,11,ACSA,15.8,15,82.1,20,D,45,1.36153656,10,10.5,11.60000038,1.100000381,11.03846158,18757,18827,70,18795.37,10,6,116,mixed,C,C,A,71
Bagley Bottoms,3,12,ACSA,21.1,21,87.5,30,D,47,2.42817534,10,10.5,11.60000038,1.100000381,11.03846158,18757,18827,70,18795.37,10,6,116,mixed,C,C,B,72
Bagley Bottoms,3,13,ULAM,14.5,14,70.1,30,D,46,1.1467035,10,10.5,11.60000038,1.100000381,11.03846158,18757,18827,70,18795.37,10,6,116,mixed,C,C,B,72
Bagley Bottoms,3,14,ACSA,8,8,51.9,70,S,44,0.349056,10,10.5,11.60000038,1.100000381,11.03846158,18757,18827,70,18795.37,10,6,116,mixed,C,C,B,79
Bagley Bottoms,3,15,ULAM,6.5,6,45.4,85,S,49,0.2304315,10,10.5,11.60000038,1.100000381,11.03846158,18757,18827,70,18795.37,10,6,116,mixed,C,B,A,81
Bagley Bottoms,3,16,ULAM,8.5,8,50.9,35,S,45,0.3940515,10,10.5,11.60000038,1.100000381,11.03846158,18757,18827,70,18795.37,10,6,116,mixed,B,C,B,65
Bagley Bottoms,4,1,FRPE,19.4,19,55,40,C,59,2.05266744,10,8.800000191,9.699999809,0.899999619,9.18749996,18721,18756,35,18737.16832,10,8,120,pure,C,B,A,43
Bagley Bottoms,4,2,ACSA,20,20,43,25,I,47,2.1816,10,8.800000191,9.699999809,0.899999619,9.18749996,18721,18756,35,18737.16832,10,8,120,pure,C,C,A,45
Bagley Bottoms,4,3,ACSA,20.1,20,43,25,I,59,2.20347054,10,8.800000191,9.699999809,0.899999619,9.18749996,18721,18756,35,18737.16832,10,8,120,pure,B,A,B,41
Bagley Bottoms,4,4,ACSA,15.2,15,43,25,I,37,1.26009216,10,8.800000191,9.699999809,0.899999619,9.18749996,18721,18756,35,18737.16832,10,8,120,pure,B,A,B,40
Bagley Bottoms,4,5,ACSA,20,20,53,25,C,73,2.1816,10,8.800000191,9.699999809,0.899999619,9.18749996,18721,18756,35,18737.16832,10,8,120,pure,B,A,B,47
Bagley Bottoms,4,6,ULAM,9.2,9,47,30,S,58,0.46162656,10,8.800000191,9.699999809,0.899999619,9.18749996,18721,18756,35,18737.16832,10,8,120,pure,C,C,A,51
Bagley Bottoms,4,7,ACSA,11.1,11,43,20,I,64,0.67198734,10,8.800000191,9.699999809,0.899999619,9.18749996,18721,18756,35,18737.16832,10,8,120,pure,A,C,A,47
Bagley Bottoms,4,8,ACSA,13.8,13,58,15,C,60,1.03865976,10,8.800000191,9.699999809,0.899999619,9.18749996,18721,18756,35,18737.16832,10,8,120,pure,C,B,A,40
Bagley Bottoms,4,9,ACSA,15,15,50,20,C,61,1.22715,10,8.800000191,9.699999809,0.899999619,9.18749996,18721,18756,35,18737.16832,10,8,120,pure,C,C,B,45
Bagley Bottoms,4,10,ACSA,11.8,11,47,35,I,56,0.75941496,10,8.800000191,9.699999809,0.899999619,9.18749996,18721,18756,35,18737.16832,10,8,120,pure,C,C,A,49
Bagley Bottoms,4,11,ACSA,11.5,11,45,5,S,NA,0.7212915,10,8.800000191,9.699999809,0.899999619,9.18749996,18721,18756,35,18737.16832,10,8,120,pure,,,,52
Bagley Bottoms,4,12,ACSA,18.7,18,52,30,D,65,1.90720926,10,8.800000191,9.699999809,0.899999619,9.18749996,18721,18756,35,18737.16832,10,8,120,pure,B,C,B,41
Bagley Bottoms,4,13,ACSA,21,21,46,40,I,59,2.405214,10,8.800000191,9.699999809,0.899999619,9.18749996,18721,18756,35,18737.16832,10,8,120,pure,C,C,A,51
Bagley Bottoms,4,14,ACSA,15.1,15,46,40,I,NA,1.24356654,10,8.800000191,9.699999809,0.899999619,9.18749996,18721,18756,35,18737.16832,10,8,120,pure,B,C,B,45
Bagley Bottoms,4,15,ACSA,31.8,31,59,25,D,68,5.51530296,10,8.800000191,9.699999809,0.899999619,9.18749996,18721,18756,35,18737.16832,10,8,120,pure,,,,45
Bagley Bottoms,5,1,PODE,24.4,24,63,15,D,70,3.24709344,10,9.399999619,10.5,1.100000381,9.714814787,18728,18779,51,18751.56436,20,9,119,pure,C,A,A,50
Bagley Bottoms,5,2,ACSA,5.5,5,45,60,S,64,0.1649835,10,9.399999619,10.5,1.100000381,9.714814787,18728,18779,51,18751.56436,20,9,119,pure,A,B,A,47
Bagley Bottoms,5,3,ACSA,19.1,19,60,35,C,68,1.98967374,10,9.399999619,10.5,1.100000381,9.714814787,18728,18779,51,18751.56436,20,9,119,pure,C,A,A,46
Bagley Bottoms,5,4,ACSA,22,22,32,70,S,66,2.639736,10,9.399999619,10.5,1.100000381,9.714814787,18728,18779,51,18751.56436,20,9,119,pure,A,C,B,48
Bagley Bottoms,5,5,ACSA,21.3,21,57,40,C,68,2.47442526,10,9.399999619,10.5,1.100000381,9.714814787,18728,18779,51,18751.56436,20,9,119,pure,C,B,A,46
Bagley Bottoms,5,6,ACSA,14.3,14,54,35,I,66,1.11528846,10,9.399999619,10.5,1.100000381,9.714814787,18728,18779,51,18751.56436,20,9,119,pure,C,B,B,45
Bagley Bottoms,5,7,ACSA,15.1,15,51,20,C,71,1.24356654,10,9.399999619,10.5,1.100000381,9.714814787,18728,18779,51,18751.56436,20,9,119,pure,C,C,A,40
Bagley Bottoms,5,8,ACSA,6.5,6,44,85,S,57,0.2304315,10,9.399999619,10.5,1.100000381,9.714814787,18728,18779,51,18751.56436,20,9,119,pure,B,,B,38
Bagley Bottoms,5,9,PODE,34.3,34,65,20,D,70,6.41657646,10,9.399999619,10.5,1.100000381,9.714814787,18728,18779,51,18751.56436,20,9,119,pure,C,B,C,48
Bagley Bottoms,5,10,ACSA,13.3,13,56,25,C,59,0.96475806,10,9.399999619,10.5,1.100000381,9.714814787,18728,18779,51,18751.56436,20,9,119,pure,C,,B,52
Bagley Bottoms,5,11,ACSA,9.8,9,52,40,I,62,0.52380216,10,9.399999619,10.5,1.100000381,9.714814787,18728,18779,51,18751.56436,20,9,119,pure,B,C,A,50
Bagley Bottoms,7,2,FRPE,6.7,6,39,40,S,69,0.24483006,10,8.399999619,9.399999619,1,8.880769106,18714,18745,31,18729.80198,20,9,119,mixed,A,A,A,59
Bagley Bottoms,7,3,ACSA,18.7,18,60,35,C,65,1.90720926,10,8.399999619,9.399999619,1,8.880769106,18714,18745,31,18729.80198,20,9,119,mixed,C,C,B,37
Bagley Bottoms,7,5,ACSA,13.7,13,46,15,I,NA,1.02366126,10,8.399999619,9.399999619,1,8.880769106,18714,18745,31,18729.80198,20,9,119,mixed,,,,58
Bagley Bottoms,7,6,FRPE,16.7,16,48,25,C,66,1.52106606,10,8.399999619,9.399999619,1,8.880769106,18714,18745,31,18729.80198,20,9,119,mixed,C,B,A,64
Bagley Bottoms,7,7,ACSA,21.1,21,57,30,D,68,2.42817534,10,8.399999619,9.399999619,1,8.880769106,18714,18745,31,18729.80198,20,9,119,mixed,A,C,A,60
Bagley Bottoms,7,8,ACSA,13.6,13,46,15,I,65,1.00877184,10,8.399999619,9.399999619,1,8.880769106,18714,18745,31,18729.80198,20,9,119,mixed,C,C,A,61
Bagley Bottoms,7,9,ULAM,6.6,6,34,65,S,66,0.23757624,10,8.399999619,9.399999619,1,8.880769106,18714,18745,31,18729.80198,20,9,119,mixed,B,A,B,56
Bagley Bottoms,7,10,ULAM,7.7,7,40,20,I,61,0.32336766,10,8.399999619,9.399999619,1,8.880769106,18714,18745,31,18729.80198,20,9,119,mixed,A,A,A,NA
Bagley Bottoms,7,11,ULAM,11.2,11,48,40,I,64,0.68414976,10,8.399999619,9.399999619,1,8.880769106,18714,18745,31,18729.80198,20,9,119,mixed,C,B,A,65
Bagley Bottoms,7,12,ACSA,20,20,55,35,C,65,2.1816,10,8.399999619,9.399999619,1,8.880769106,18714,18745,31,18729.80198,20,9,119,mixed,C,C,A,59
Bagley Bottoms,7,13,ACSA,33.2,33,56,25,D,NA,6.01161696,10,8.399999619,9.399999619,1,8.880769106,18714,18745,31,18729.80198,20,9,119,mixed,,,,NA
Bagley Bottoms,8,1,ACSA,8.1,8,47,30,S,79,0.35783694,10,9.899999619,10.80000019,0.900000572,10.28461544,18737,18792,55,18772,10,7,119,mixed,A,C,A,59
Bagley Bottoms,8,2,ACSA,20.9,20,59,35,D,82,2.38236174,10,9.899999619,10.80000019,0.900000572,10.28461544,18737,18792,55,18772,10,7,119,mixed,C,C,A,49
Bagley Bottoms,8,3,ACSA,14.3,14,56,50,I,89,1.11528846,10,9.899999619,10.80000019,0.900000572,10.28461544,18737,18792,55,18772,10,7,119,mixed,A,B,A,45
Bagley Bottoms,8,4,ACSA,16,16,60,20,I,87,1.396224,10,9.899999619,10.80000019,0.900000572,10.28461544,18737,18792,55,18772,10,7,119,mixed,C,C,A,47
Bagley Bottoms,8,5,ACSA,7.2,7,36,50,S,80,0.28273536,10,9.899999619,10.80000019,0.900000572,10.28461544,18737,18792,55,18772,10,7,119,mixed,B,A,B,46
Bagley Bottoms,8,6,ACSA,14.5,14,53,55,S,97,1.1467035,10,9.899999619,10.80000019,0.900000572,10.28461544,18737,18792,55,18772,10,7,119,mixed,,,,44
Bagley Bottoms,8,7,ULAM,11.6,11,31,75,C,39,0.73389024,10,9.899999619,10.80000019,0.900000572,10.28461544,18737,18792,55,18772,10,7,119,mixed,C,B,B,49
Bagley Bottoms,8,8,ACSA,8.4,8,32,0,C,NA,0.38483424,10,9.899999619,10.80000019,0.900000572,10.28461544,18737,18792,55,18772,10,7,119,mixed,,,,45
Bagley Bottoms,8,9,ULAM,7.2,7,27,80,C,65,0.28273536,10,9.899999619,10.80000019,0.900000572,10.28461544,18737,18792,55,18772,10,7,119,mixed,B,B,A,59
Bagley Bottoms,9,1,ACSA,14.3,14,49,30,I,69,1.11528846,10,8,8.699999809,0.699999809,8.329166532,18690,18721,31,18706.55882,30,9,121,pure,A,C,C,68
Bagley Bottoms,9,2,ACSA,16.8,16,51,25,C,75,1.53933696,10,8,8.699999809,0.699999809,8.329166532,18690,18721,31,18706.55882,30,9,121,pure,C,C,C,70
Bagley Bottoms,9,3,ACSA,8.9,8,43,40,S,67,0.43201134,10,8,8.699999809,0.699999809,8.329166532,18690,18721,31,18706.55882,30,9,121,pure,C,B,A,64
Bagley Bottoms,9,4,PODE,26.3,26,63,15,D,62,3.77247726,10,8,8.699999809,0.699999809,8.329166532,18690,18721,31,18706.55882,30,9,121,pure,C,A,C,68
Bagley Bottoms,9,5,ACSA,9.2,9,39,20,S,63,0.46162656,10,8,8.699999809,0.699999809,8.329166532,18690,18721,31,18706.55882,30,9,121,pure,C,C,A,66
Bagley Bottoms,9,6,ACSA,17.5,17,53,25,C,67,1.6702875,10,8,8.699999809,0.699999809,8.329166532,18690,18721,31,18706.55882,30,9,121,pure,C,C,B,68
Bagley Bottoms,9,7,ULAM,9.1,9,37,70,S,84,0.45164574,10,8,8.699999809,0.699999809,8.329166532,18690,18721,31,18706.55882,30,9,121,pure,A,A,B,66
Bagley Bottoms,9,8,ACSA,14.5,14,51,30,C,77,1.1467035,10,8,8.699999809,0.699999809,8.329166532,18690,18721,31,18706.55882,30,9,121,pure,A,C,B,71
Bagley Bottoms,9,9,ACSA,13.8,13,46,40,S,71,1.03865976,10,8,8.699999809,0.699999809,8.329166532,18690,18721,31,18706.55882,30,9,121,pure,B,,A,57
Bagley Bottoms,9,10,ACSA,10.6,10,45,50,I,72,0.61281144,10,8,8.699999809,0.699999809,8.329166532,18690,18721,31,18706.55882,30,9,121,pure,C,,A,70
Bagley Bottoms,9,11,ACSA,16,16,50,25,C,72,1.396224,10,8,8.699999809,0.699999809,8.329166532,18690,18721,31,18706.55882,30,9,121,pure,B,B,A,59
Bagley Bottoms,9,12,ACSA,10.4,10,43,45,I,79,0.58990464,10,8,8.699999809,0.699999809,8.329166532,18690,18721,31,18706.55882,30,9,121,pure,B,C,A,62
Bagley Bottoms,9,13,ACSA,11.9,11,49,35,I,81,0.77234094,10,8,8.699999809,0.699999809,8.329166532,18690,18721,31,18706.55882,30,9,121,pure,C,B,A,62
Bagley Bottoms,9,14,ACSA,22.1,22,57,30,D,65,2.66378814,10,8,8.699999809,0.699999809,8.329166532,18690,18721,31,18706.55882,30,9,121,pure,A,C,A,69
Bagley Bottoms,9,15,ACSA,11,11,46,50,I,79,0.659934,10,8,8.699999809,0.699999809,8.329166532,18690,18721,31,18706.55882,30,9,121,pure,B,B,A,65
Bagley Bottoms,9,16,ACSA,17.6,17,55,35,C,77,1.68943104,10,8,8.699999809,0.699999809,8.329166532,18690,18721,31,18706.55882,30,9,121,pure,C,C,A,63
Bagley Bottoms,9,17,ACSA,7.6,7,37,50,S,66,0.31502304,10,8,8.699999809,0.699999809,8.329166532,18690,18721,31,18706.55882,30,9,121,pure,C,,B,NA
Bagley Bottoms,9,18,ACSA,19.7,19,57,30,D,67,2.11664286,10,8,8.699999809,0.699999809,8.329166532,18690,18721,31,18706.55882,30,9,121,pure,C,C,A,66
Bagley Bottoms,9,19,ACSA,14.7,14,56,30,D,82,1.17855486,10,8,8.699999809,0.699999809,8.329166532,18690,18721,31,18706.55882,30,9,121,pure,C,C,A,68
Bagley Bottoms,10,1,QUBI,26.1,26,62,50,D,124,3.71531934,10,6.900000095,9.600000381,2.700000286,8.608333389,18645,18752,107,18718.26263,40,11,130.5,mixed,B,B,A,47
Bagley Bottoms,10,2,QUBI,31,31,65,65,D,96,5.241294,10,6.900000095,9.600000381,2.700000286,8.608333389,18645,18752,107,18718.26263,40,11,130.5,mixed,C,B,A,46
Bagley Bottoms,10,3,CEOC,5.7,5,34,30,I,41,0.17720046,10,6.900000095,9.600000381,2.700000286,8.608333389,18645,18752,107,18718.26263,40,11,130.5,mixed,A,B,B,48
Bagley Bottoms,10,4,QUBI,12.3,12,47,45,S,79,0.82513566,10,6.900000095,9.600000381,2.700000286,8.608333389,18645,18752,107,18718.26263,40,11,130.5,mixed,B,C,B,46
Bagley Bottoms,10,5,QUBI,19.9,19,48,80,I,131,2.15983854,10,6.900000095,9.600000381,2.700000286,8.608333389,18645,18752,107,18718.26263,40,11,130.5,mixed,A,A,B,48
Bagley Bottoms,10,6,ACSA,11.6,11,51,40,C,79,0.73389024,10,6.900000095,9.600000381,2.700000286,8.608333389,18645,18752,107,18718.26263,40,11,130.5,mixed,C,,B,48
Bagley Bottoms,10,7,ACSA,8.6,8,29,65,S,71,0.40337784,10,6.900000095,9.600000381,2.700000286,8.608333389,18645,18752,107,18718.26263,40,11,130.5,mixed,B,B,A,41
Bagley Bottoms,10,8,ACSA,11.1,11,43,25,I,89,0.67198734,10,6.900000095,9.600000381,2.700000286,8.608333389,18645,18752,107,18718.26263,40,11,130.5,mixed,B,C,B,45
Goose Island,2,1,FRPE,6.7,6,35.2,80,S,70,0.24483006,10,4.599999905,6.599999905,2,5.292000008,19277,19349,72,19311.61,50,11,130,mixed,B,A,B,70
Goose Island,2,2,PODE,18.3,18,61.2,10,D,57,1.82649006,10,4.599999905,6.599999905,2,5.292000008,19277,19349,72,19311.61,50,11,130,mixed,,,,57
Goose Island,2,3,PODE,16.7,16,75.9,10,D,64,1.52106606,10,4.599999905,6.599999905,2,5.292000008,19277,19349,72,19311.61,50,11,130,mixed,,,,64
Goose Island,2,4,ACSA,18.5,18,70.5,40,C,75,1.8666315,10,4.599999905,6.599999905,2,5.292000008,19277,19349,72,19311.61,50,11,130,mixed,A,C,A,75
Goose Island,2,5,FRPE,9.1,9,53.6,50,I,74,0.45164574,10,4.599999905,6.599999905,2,5.292000008,19277,19349,72,19311.61,50,11,130,mixed,C,A,B,74
Goose Island,2,6,ACSA,25.9,25,57,75,I,63,3.65859774,10,4.599999905,6.599999905,2,5.292000008,19277,19349,72,19311.61,50,11,130,mixed,C,B,C,63
Goose Island,2,7,PODE,26.6,26,87.3,15,D,70,3.85903224,10,4.599999905,6.599999905,2,5.292000008,19277,19349,72,19311.61,50,11,130,mixed,C,C,C,70
Goose Island,2,8,ULAM,10.3,10,32,80,S,69,0.57861486,10,4.599999905,6.599999905,2,5.292000008,19277,19349,72,19311.61,50,11,130,mixed,C,C,C,69
Goose Island,2,9,PODE,20.8,20,64.3,25,D,NA,2.35961856,10,4.599999905,6.599999905,2,5.292000008,19277,19349,72,19311.61,50,11,130,mixed,,,,NA
Goose Island,2,10,ACSA,19.7,19,86.6,45,D,60,2.11664286,10,4.599999905,6.599999905,2,5.292000008,19277,19349,72,19311.61,50,11,130,mixed,C,B,B,60
Goose Island,2,11,ACSA,22,22,86.6,45,D,66,2.639736,10,4.599999905,6.599999905,2,5.292000008,19277,19349,72,19311.61,50,11,130,mixed,A,C,C,66
Goose Island,2,12,ACSA,12.9,12,47.2,70,S,74,0.90760014,10,4.599999905,6.599999905,2,5.292000008,19277,19349,72,19311.61,50,11,130,mixed,B,B,B,74
Goose Island,2,13,ACSA,19.5,19,68.2,35,C,74,2.0738835,10,4.599999905,6.599999905,2,5.292000008,19277,19349,72,19311.61,50,11,130,mixed,A,A,B,74
Goose Island,2,14,ACSA,6.7,6,28.4,80,S,65,0.24483006,10,4.599999905,6.599999905,2,5.292000008,19277,19349,72,19311.61,50,11,130,mixed,C,B,B,65
Goose Island,2,15,ACSA,14.7,14,49.6,40,I,68,1.17855486,10,4.599999905,6.599999905,2,5.292000008,19277,19349,72,19311.61,50,11,130,mixed,C,C,A,68
Goose Island,2,16,ACSA,18.1,18,52,45,I,70,1.78678494,10,4.599999905,6.599999905,2,5.292000008,19277,19349,72,19311.61,50,11,130,mixed,,,,70
Goose Island,2,17,PODE,29.4,29,100.2,20,D,71,4.71421944,10,4.599999905,6.599999905,2,5.292000008,19277,19349,72,19311.61,50,11,130,mixed,B,B,A,71
Goose Island,2,18,ACSA,12.2,12,45.4,85,S,73,0.81177336,10,4.599999905,6.599999905,2,5.292000008,19277,19349,72,19311.61,50,11,130,mixed,,,,73
Goose Island,4,1,FRPE,9.5,9,60.8,40,D,54,0.4922235,10,5.699999809,7.900000095,2.200000286,6.965384575,19318,19388,70,19354.97059,20,7,147.5,mixed,B,A,B,35
Goose Island,4,2,BENI,16,16,52,50,C,NA,1.396224,10,5.699999809,7.900000095,2.200000286,6.965384575,19318,19388,70,19354.97059,20,7,147.5,mixed,,,,83
Goose Island,4,3,BENI,11.5,11,45.6,40,S,75,0.7212915,10,5.699999809,7.900000095,2.200000286,6.965384575,19318,19388,70,19354.97059,20,7,147.5,mixed,C,,B,76
Goose Island,4,4,QUEL,20.9,20,87.2,45,D,67,2.38236174,10,5.699999809,7.900000095,2.200000286,6.965384575,19318,19388,70,19354.97059,20,7,147.5,mixed,C,C,B,71
Goose Island,4,5,FRPE,7.2,7,49.4,90,I,85,0.28273536,10,5.699999809,7.900000095,2.200000286,6.965384575,19318,19388,70,19354.97059,20,7,147.5,mixed,A,B,B,73
Goose Island,5,1,FRPE,20.7,20,64.4,15,D,72,2.33698446,10,8.100000381,8.100000381,0,8.100000381,19297,19347,50,19318.33663,10,8,115.5,mixed,A,B,A,54
Goose Island,5,2,FRPE,20,20,72.5,20,D,65,2.1816,10,8.100000381,8.100000381,0,8.100000381,19297,19347,50,19318.33663,10,8,115.5,mixed,C,B,C,NA
Goose Island,5,3,ROPS,5,5,34.9,60,I,27,0.13635,10,8.100000381,8.100000381,0,8.100000381,19297,19347,50,19318.33663,10,8,115.5,mixed,C,B,C,75
Goose Island,5,4,ROPS,6.5,6,51.1,30,I,34,0.2304315,10,8.100000381,8.100000381,0,8.100000381,19297,19347,50,19318.33663,10,8,115.5,mixed,B,B,C,67
Goose Island,5,5,ROPS,9.1,9,45.4,20,C,NA,0.45164574,10,8.100000381,8.100000381,0,8.100000381,19297,19347,50,19318.33663,10,8,115.5,mixed,,,,85
Goose Island,5,6,ROPS,6,6,49.5,15,C,32,0.196344,10,8.100000381,8.100000381,0,8.100000381,19297,19347,50,19318.33663,10,8,115.5,mixed,B,B,C,72
Goose Island,5,7,FRPE,24.1,24,75.6,15,D,66,3.16773774,10,8.100000381,8.100000381,0,8.100000381,19297,19347,50,19318.33663,10,8,115.5,mixed,B,C,C,65
Goose Island,6,1,QUBI,15.4,15,64.9,55,D,54,1.29347064,10,4.400000095,7.599999905,3.199999809,5.662962949,19264,19371,107,19313.36,10,7,110,mixed,B,A,B,70
Goose Island,6,2,FRPE,10.6,10,54.4,25,C,53,0.61281144,10,4.400000095,7.599999905,3.199999809,5.662962949,19264,19371,107,19313.36,10,7,110,mixed,B,B,A,75
Goose Island,6,3,BENI,21.9,21,68.2,40,D,66,2.61579294,10,4.400000095,7.599999905,3.199999809,5.662962949,19264,19371,107,19313.36,10,7,110,mixed,,,,74
Goose Island,6,4,BENI,14.1,14,50.5,70,C,44,1.08430974,10,4.400000095,7.599999905,3.199999809,5.662962949,19264,19371,107,19313.36,10,7,110,mixed,,,,75
Goose Island,6,5,BENI,7.3,7,40.6,50,I,44,0.29064366,10,4.400000095,7.599999905,3.199999809,5.662962949,19264,19371,107,19313.36,10,7,110,mixed,,,,90
Goose Island,6,6,BENI,6,6,36.2,90,S,43,0.196344,10,4.400000095,7.599999905,3.199999809,5.662962949,19264,19371,107,19313.36,10,7,110,mixed,,,,55
Goose Island,6,7,BENI,8.9,8,40.2,90,I,40,0.43201134,10,4.400000095,7.599999905,3.199999809,5.662962949,19264,19371,107,19313.36,10,7,110,mixed,,,,117
Goose Island,6,8,BENI,8.2,8,52.6,80,D,38,0.36672696,10,4.400000095,7.599999905,3.199999809,5.662962949,19264,19371,107,19313.36,10,7,110,mixed,,,,76
Goose Island,6,9,BENI,12.7,12,52.6,80,D,37,0.87967566,10,4.400000095,7.599999905,3.199999809,5.662962949,19264,19371,107,19313.36,10,7,110,mixed,,,,76
Goose Island,6,10,BENI,10.2,10,49,85,I,41,0.56743416,10,4.400000095,7.599999905,3.199999809,5.662962949,19264,19371,107,19313.36,10,7,110,mixed,,,,78
Goose Island,6,11,BENI,10.3,10,58,80,C,38,0.57861486,10,4.400000095,7.599999905,3.199999809,5.662962949,19264,19371,107,19313.36,10,7,110,mixed,,,,75
Goose Island,9,1,ACSA,14.8,14,68.7,60,C,39,1.19464416,10,6.300000191,7.5,1.199999809,6.915384604,19328,19376,48,19357.44,10,7,115.5,mixed,A,C,B,27
Goose Island,9,2,FRPE,6.9,6,57.2,20,C,38,0.25966494,10,6.300000191,7.5,1.199999809,6.915384604,19328,19376,48,19357.44,10,7,115.5,mixed,B,C,C,34
Goose Island,9,3,FRPE,5.9,5,47.6,65,S,29,0.18985374,10,6.300000191,7.5,1.199999809,6.915384604,19328,19376,48,19357.44,10,7,115.5,mixed,C,,B,NA
Goose Island,9,4,FRPE,5.3,5,43.6,30,S,33,0.15320286,10,6.300000191,7.5,1.199999809,6.915384604,19328,19376,48,19357.44,10,7,115.5,mixed,A,,B,32
Goose Island,9,5,QUEL,26,26,82.8,35,D,84,3.686904,10,6.300000191,7.5,1.199999809,6.915384604,19328,19376,48,19357.44,10,7,115.5,mixed,C,C,B,66
Goose Island,9,6,CEOC,7.6,7,48,80,S,NA,0.31502304,10,6.300000191,7.5,1.199999809,6.915384604,19328,19376,48,19357.44,10,7,115.5,mixed,,,,54
Goose Island,9,7,FRPE,15,15,57.3,30,C,40,1.22715,10,6.300000191,7.5,1.199999809,6.915384604,19328,19376,48,19357.44,10,7,115.5,mixed,B,B,A,53
Goose Island,9,8,CEOC,13.4,13,60.9,40,C,39,0.97932024,10,6.300000191,7.5,1.199999809,6.915384604,19328,19376,48,19357.44,10,7,115.5,mixed,,,,66
Goose Island,9,9,FRPE,14.5,14,68.4,55,D,100,1.1467035,10,6.300000191,7.5,1.199999809,6.915384604,19328,19376,48,19357.44,10,7,115.5,mixed,B,B,B,44
Goose Island,9,10,FRPE,7.5,7,54.1,80,I,40,0.3067875,10,6.300000191,7.5,1.199999809,6.915384604,19328,19376,48,19357.44,10,7,115.5,mixed,A,A,B,44
Goose Island,9,11,FRPE,8.1,8,39.2,10,S,70,0.35783694,10,6.300000191,7.5,1.199999809,6.915384604,19328,19376,48,19357.44,10,7,115.5,mixed,A,B,A,43
Goose Island,9,12,CEOC,9.1,9,51.7,35,I,36,0.45164574,10,6.300000191,7.5,1.199999809,6.915384604,19328,19376,48,19357.44,10,7,115.5,mixed,B,C,C,40
Goose Island,10,1,BENI,14.2,14,39,45,S,62,1.09974456,10,4.699999809,5.800000191,1.100000381,5.267999935,19289,19337,48,19312.46535,30,11,122.5,mixed,,,,46
Goose Island,10,2,BENI,19.3,19,57.4,60,D,46,2.03156046,10,4.699999809,5.800000191,1.100000381,5.267999935,19289,19337,48,19312.46535,30,11,122.5,mixed,,,,28
Goose Island,10,3,ACNE,6,6,21.7,80,S,28,0.196344,10,4.699999809,5.800000191,1.100000381,5.267999935,19289,19337,48,19312.46535,30,11,122.5,mixed,B,,B,52
Goose Island,10,4,BENI,21.1,21,66.6,70,D,52,2.42817534,10,4.699999809,5.800000191,1.100000381,5.267999935,19289,19337,48,19312.46535,30,11,122.5,mixed,,,,37
Goose Island,10,5,FRPE,16,16,59.6,80,C,37,1.396224,10,4.699999809,5.800000191,1.100000381,5.267999935,19289,19337,48,19312.46535,30,11,122.5,mixed,B,,C,61
Goose Island,10,6,BENI,14.4,14,61.1,55,C,61,1.13094144,10,4.699999809,5.800000191,1.100000381,5.267999935,19289,19337,48,19312.46535,30,11,122.5,mixed,,,,34
Goose Island,10,7,CEOC,8.1,8,52,60,I,34,0.35783694,10,4.699999809,5.800000191,1.100000381,5.267999935,19289,19337,48,19312.46535,30,11,122.5,mixed,C,B,C,75
Goose Island,12,1,FRPE,16.5,16,63.7,75,D,75,1.4848515,10,5.099999905,6.699999809,1.599999905,6.045833349,19301,19353,52,19333.60606,30,8,122.5,mixed,B,B,A,38
Goose Island,12,2,FRPE,14.6,14,70.5,15,D,74,1.16257464,10,5.099999905,6.699999809,1.599999905,6.045833349,19301,19353,52,19333.60606,30,8,122.5,mixed,C,B,A,37
Goose Island,12,3,QUEL,8.6,8,60.1,50,D,47,0.40337784,10,5.099999905,6.699999809,1.599999905,6.045833349,19301,19353,52,19333.60606,30,8,122.5,mixed,C,B,C,41
Goose Island,12,4,BENI,14.6,14,61.6,4,D,61,1.16257464,10,5.099999905,6.699999809,1.599999905,6.045833349,19301,19353,52,19333.60606,30,8,122.5,mixed,,,,38
Goose Island,12,5,QUEL,10.8,10,53.4,60,C,47,0.63615456,10,5.099999905,6.699999809,1.599999905,6.045833349,19301,19353,52,19333.60606,30,8,122.5,mixed,C,A,A,39
Goose Island,12,6,FRPE,23.7,23,73.2,30,D,64,3.06345726,10,5.099999905,6.699999809,1.599999905,6.045833349,19301,19353,52,19333.60606,30,8,122.5,mixed,C,B,A,38
Goose Island,12,7,BENI,18,18,71.6,80,C,62,1.767096,10,5.099999905,6.699999809,1.599999905,6.045833349,19301,19353,52,19333.60606,30,8,122.5,mixed,,,,29
Goose Island,12,8,BENI,14.9,14,71.6,80,C,66,1.21084254,10,5.099999905,6.699999809,1.599999905,6.045833349,19301,19353,52,19333.60606,30,8,122.5,mixed,,,,33
Goose Island,13,1,BENI,10.6,10,61.4,45,C,30,0.61281144,10,4.599999905,9,4.400000095,6.476923044,19265,19414,149,19333.25,50,11,130,mixed,,,,74
Goose Island,13,2,QUEL,14.5,14,49.6,30,I,73,1.1467035,10,4.599999905,9,4.400000095,6.476923044,19265,19414,149,19333.25,50,11,130,mixed,A,C,B,47
Goose Island,13,3,QUEL,11.8,11,57.7,55,I,70,0.75941496,10,4.599999905,9,4.400000095,6.476923044,19265,19414,149,19333.25,50,11,130,mixed,A,B,B,61
Goose Island,13,4,QUEL,13.7,13,67,45,C,75,1.02366126,10,4.599999905,9,4.400000095,6.476923044,19265,19414,149,19333.25,50,11,130,mixed,B,B,B,47
Goose Island,13,5,QUEL,18.2,18,61.2,25,D,74,1.80658296,10,4.599999905,9,4.400000095,6.476923044,19265,19414,149,19333.25,50,11,130,mixed,B,A,B,64
Goose Island,13,6,QUEL,21.1,21,66.3,35,C,75,2.42817534,10,4.599999905,9,4.400000095,6.476923044,19265,19414,149,19333.25,50,11,130,mixed,C,A,B,62
Goose Island,13,7,QUBI,25.1,25,74.8,55,D,90,3.43607454,10,4.599999905,9,4.400000095,6.476923044,19265,19414,149,19333.25,50,11,130,mixed,C,C,C,66
Goose Island,13,8,ULAM,10.6,10,46.2,85,S,55,0.61281144,10,4.599999905,9,4.400000095,6.476923044,19265,19414,149,19333.25,50,11,130,mixed,B,B,C,30
Goose Island,13,9,QUBI,32,32,67.3,45,D,117,5.584896,10,4.599999905,9,4.400000095,6.476923044,19265,19414,149,19333.25,50,11,130,mixed,C,B,C,73
Goose Island,14,1,FRPE,11.5,11,64.3,35,D,76,0.7212915,10,7.099999905,10.69999981,3.599999905,8.959259316,19353,19486,133,19420.0495,10,5,110,mixed,A,B,B,84
Goose Island,14,2,QUBI,11.3,11,55.2,75,C,76,0.69642126,10,7.099999905,10.69999981,3.599999905,8.959259316,19353,19486,133,19420.0495,10,5,110,mixed,A,A,A,NA
Goose Island,14,3,QUBI,7.7,7,33.8,50,I,78,0.32336766,10,7.099999905,10.69999981,3.599999905,8.959259316,19353,19486,133,19420.0495,10,5,110,mixed,C,B,C,40
Goose Island,14,4,QUBI,10.3,10,54.1,30,I,75,0.57861486,10,7.099999905,10.69999981,3.599999905,8.959259316,19353,19486,133,19420.0495,10,5,110,mixed,C,A,A,39
Goose Island,14,5,CEOC,12.6,12,70.5,90,D,35,0.86587704,10,7.099999905,10.69999981,3.599999905,8.959259316,19353,19486,133,19420.0495,10,5,110,mixed,B,A,C,100
Goose Island,14,6,QUEL,22.4,22,74.9,60,D,83,2.73659904,10,7.099999905,10.69999981,3.599999905,8.959259316,19353,19486,133,19420.0495,10,5,110,mixed,C,C,B,40
Goose Island,14,7,FRPE,10.3,10,57.1,75,C,76,0.57861486,10,7.099999905,10.69999981,3.599999905,8.959259316,19353,19486,133,19420.0495,10,5,110,mixed,A,B,A,70
Goose Island,14,8,FRPE,11.6,11,61.5,50,C,71,0.73389024,10,7.099999905,10.69999981,3.599999905,8.959259316,19353,19486,133,19420.0495,10,5,110,mixed,B,B,B,36
Goose Island,14,9,FRPE,10.4,10,61.5,50,C,73,0.58990464,10,7.099999905,10.69999981,3.599999905,8.959259316,19353,19486,133,19420.0495,10,5,110,mixed,,,,62
Goose Island,15,1,FRPE,5.7,5,46.5,35,S,36,0.17720046,10,4.800000191,5.800000191,1,5.195833325,19288,19331,43,19307.05,30,10,128,mixed,B,B,B,36
Goose Island,15,2,BENI,15.3,15,76.1,60,D,45,1.27672686,10,4.800000191,5.800000191,1,5.195833325,19288,19331,43,19307.05,30,10,128,mixed,A,,A,45
Goose Island,15,3,BENI,14,14,76.1,60,D,NA,1.068984,10,4.800000191,5.800000191,1,5.195833325,19288,19331,43,19307.05,30,10,128,mixed,B,,A,NA
Goose Island,15,4,FRPE,10.5,10,47.3,55,I,41,0.6013035,10,4.800000191,5.800000191,1,5.195833325,19288,19331,43,19307.05,30,10,128,mixed,B,,C,41
Goose Island,15,5,QUEL,6.9,6,34.4,80,S,33,0.25966494,10,4.800000191,5.800000191,1,5.195833325,19288,19331,43,19307.05,30,10,128,mixed,,,,33
Goose Island,15,6,BENI,12.6,12,57.9,20,C,NA,0.86587704,10,4.800000191,5.800000191,1,5.195833325,19288,19331,43,19307.05,30,10,128,mixed,,,,NA
Goose Island,15,7,BENI,10.7,10,53.3,20,C,48,0.62442846,10,4.800000191,5.800000191,1,5.195833325,19288,19331,43,19307.05,30,10,128,mixed,A,A,A,48
Goose Island,15,8,QUEL,11.7,11,65.7,30,D,36,0.74659806,10,4.800000191,5.800000191,1,5.195833325,19288,19331,43,19307.05,30,10,128,mixed,,,,36
Goose Island,15,9,BENI,11.2,11,42.2,60,S,45,0.68414976,10,4.800000191,5.800000191,1,5.195833325,19288,19331,43,19307.05,30,10,128,mixed,,,,45
Goose Island,15,10,BENI,7.2,7,41.8,50,I,37,0.28273536,10,4.800000191,5.800000191,1,5.195833325,19288,19331,43,19307.05,30,10,128,mixed,,,,37
Goose Island,15,11,BENI,7.7,7,42.3,70,I,NA,0.32336766,10,4.800000191,5.800000191,1,5.195833325,19288,19331,43,19307.05,30,10,128,mixed,,,,NA
Goose Island,15,12,BENI,12.3,12,53.1,30,C,37,0.82513566,10,4.800000191,5.800000191,1,5.195833325,19288,19331,43,19307.05,30,10,128,mixed,,,,37
Goose Island,15,13,BENI,11.5,11,38.8,10,C,NA,0.7212915,10,4.800000191,5.800000191,1,5.195833325,19288,19331,43,19307.05,30,10,128,mixed,,,,NA
Goose Island,15,14,BENI,9.2,9,44,15,I,NA,0.46162656,10,4.800000191,5.800000191,1,5.195833325,19288,19331,43,19307.05,30,10,128,mixed,,,,NA
Goose Island,15,15,BENI,7.7,7,32,85,S,41,0.32336766,10,4.800000191,5.800000191,1,5.195833325,19288,19331,43,19307.05,30,10,128,mixed,,,,41
Goose Island,15,16,BENI,8.3,8,59.7,40,C,39,0.37572606,10,4.800000191,5.800000191,1,5.195833325,19288,19331,43,19307.05,30,10,128,mixed,,,,39
Great River Harbor,1,1,ACSA,9.2,9,67.1,60,D,25,0.46162656,10,7.800000191,8.199999809,0.399999619,7.880769418,20155,20183,28,20168.35577,50,13,136,mixed,A,B,A,25
Great River Harbor,1,2,ACSA,8.7,8,67.1,60,D,17,0.41281326,10,7.800000191,8.199999809,0.399999619,7.880769418,20155,20183,28,20168.35577,50,13,136,mixed,B,B,C,17
Great River Harbor,1,3,ACSA,7.6,7,60.4,40,C,32,0.31502304,10,7.800000191,8.199999809,0.399999619,7.880769418,20155,20183,28,20168.35577,50,13,136,mixed,A,B,B,32
Great River Harbor,1,4,ACSA,7.7,7,55.1,20,I,50,0.32336766,10,7.800000191,8.199999809,0.399999619,7.880769418,20155,20183,28,20168.35577,50,13,136,mixed,C,C,C,50
Great River Harbor,1,5,ACSA,8.7,8,51.7,15,S,40,0.41281326,10,7.800000191,8.199999809,0.399999619,7.880769418,20155,20183,28,20168.35577,50,13,136,mixed,C,C,B,40
Great River Harbor,1,6,ACSA,9.1,9,48.4,35,S,43,0.45164574,10,7.800000191,8.199999809,0.399999619,7.880769418,20155,20183,28,20168.35577,50,13,136,mixed,C,B,B,43
Great River Harbor,1,7,ACSA,5,5,48.4,35,S,34,0.13635,10,7.800000191,8.199999809,0.399999619,7.880769418,20155,20183,28,20168.35577,50,13,136,mixed,B,C,A,34
Great River Harbor,1,8,ACSA,13.7,13,55.7,40,I,38,1.02366126,10,7.800000191,8.199999809,0.399999619,7.880769418,20155,20183,28,20168.35577,50,13,136,mixed,A,C,B,38
Great River Harbor,1,9,FRPE,8.7,8,54.7,15,I,36,0.41281326,10,7.800000191,8.199999809,0.399999619,7.880769418,20155,20183,28,20168.35577,50,13,136,mixed,A,B,B,36
Great River Harbor,1,10,ACSA,10,10,58.9,20,C,45,0.5454,10,7.800000191,8.199999809,0.399999619,7.880769418,20155,20183,28,20168.35577,50,13,136,mixed,B,B,C,45
Great River Harbor,1,11,FRPE,8.7,8,49.9,50,S,40,0.41281326,10,7.800000191,8.199999809,0.399999619,7.880769418,20155,20183,28,20168.35577,50,13,136,mixed,B,B,A,40
Great River Harbor,1,12,ULAM,18.6,18,60.6,40,D,66,1.88686584,10,7.800000191,8.199999809,0.399999619,7.880769418,20155,20183,28,20168.35577,50,13,136,mixed,A,C,B,66
Great River Harbor,1,13,FRPE,8,8,51.5,30,S,41,0.349056,10,7.800000191,8.199999809,0.399999619,7.880769418,20155,20183,28,20168.35577,50,13,136,mixed,,,,41
Great River Harbor,1,14,FRPE,7.1,7,32.9,5,S,32,0.27493614,10,7.800000191,8.199999809,0.399999619,7.880769418,20155,20183,28,20168.35577,50,13,136,mixed,,,,32
Great River Harbor,2,1,FRPE,16.7,16,85.3,25,D,70,1.52106606,10,9.199999809,10.5,1.300000191,9.888888889,20203,20251,48,20233.92857,10,8,117,mixed,C,A,A,70
Great River Harbor,2,2,PODE,41.4,41,114.8,20,D,71,9.34793784,10,9.199999809,10.5,1.300000191,9.888888889,20203,20251,48,20233.92857,10,8,117,mixed,B,A,C,71
Great River Harbor,2,3,PODE,30.8,30,91.8,20,D,62,5.17388256,10,9.199999809,10.5,1.300000191,9.888888889,20203,20251,48,20233.92857,10,8,117,mixed,B,C,C,62
Great River Harbor,2,4,ACNE,6.5,6,40.7,90,S,41,0.2304315,10,9.199999809,10.5,1.300000191,9.888888889,20203,20251,48,20233.92857,10,8,117,mixed,A,A,B,41
Great River Harbor,2,5,FRPE,6.1,6,41.5,70,S,44,0.20294334,10,9.199999809,10.5,1.300000191,9.888888889,20203,20251,48,20233.92857,10,8,117,mixed,A,,B,44
Great River Harbor,2,6,ACSA,21,21,67.8,30,C,73,2.405214,10,9.199999809,10.5,1.300000191,9.888888889,20203,20251,48,20233.92857,10,8,117,mixed,B,B,B,73
Great River Harbor,2,7,ACSA,10,10,66.2,80,I,48,0.5454,10,9.199999809,10.5,1.300000191,9.888888889,20203,20251,48,20233.92857,10,8,117,mixed,A,,A,48
Great River Harbor,2,8,ACNE,7.2,7,40.3,15,S,NA,0.28273536,10,9.199999809,10.5,1.300000191,9.888888889,20203,20251,48,20233.92857,10,8,117,mixed,,,,NA
Great River Harbor,2,9,ACSA,15.6,15,63.4,30,C,73,1.32728544,10,9.199999809,10.5,1.300000191,9.888888889,20203,20251,48,20233.92857,10,8,117,mixed,C,C,B,73
Great River Harbor,2,10,ACSA,19.3,19,61.3,30,C,70,2.03156046,10,9.199999809,10.5,1.300000191,9.888888889,20203,20251,48,20233.92857,10,8,117,mixed,C,,A,70
Great River Harbor,2,11,ACSA,6,6,34.7,10,S,58,0.196344,10,9.199999809,10.5,1.300000191,9.888888889,20203,20251,48,20233.92857,10,8,117,mixed,C,C,B,58
Great River Harbor,2,12,ACSA,18.2,18,71.3,50,I,74,1.80658296,10,9.199999809,10.5,1.300000191,9.888888889,20203,20251,48,20233.92857,10,8,117,mixed,B,C,B,74
Great River Harbor,3,1,ACSA,9.1,9,62,80,I,76,0.45164574,10,7.5,7.900000095,0.400000095,7.679166655,20148,20186,38,20163.43434,50,11.5,136,mixed,B,,A,76
Great River Harbor,3,2,ACSA,8.8,8,50.9,80,I,80,0.42235776,10,7.5,7.900000095,0.400000095,7.679166655,20148,20186,38,20163.43434,50,11.5,136,mixed,A,B,A,80
Great River Harbor,3,3,ACSA,10.4,10,53.3,30,C,68,0.58990464,10,7.5,7.900000095,0.400000095,7.679166655,20148,20186,38,20163.43434,50,11.5,136,mixed,B,B,B,68
Great River Harbor,3,4,ACSA,11.6,11,57.8,70,I,72,0.73389024,10,7.5,7.900000095,0.400000095,7.679166655,20148,20186,38,20163.43434,50,11.5,136,mixed,C,B,B,72
Great River Harbor,3,5,ACSA,15.5,15,61.3,40,C,79,1.3103235,10,7.5,7.900000095,0.400000095,7.679166655,20148,20186,38,20163.43434,50,11.5,136,mixed,B,C,C,79
Great River Harbor,3,6,ACSA,13.6,13,55.7,30,C,81,1.00877184,10,7.5,7.900000095,0.400000095,7.679166655,20148,20186,38,20163.43434,50,11.5,136,mixed,B,,B,81
Great River Harbor,3,7,FRPE,7.2,7,58.4,50,C,79,0.28273536,10,7.5,7.900000095,0.400000095,7.679166655,20148,20186,38,20163.43434,50,11.5,136,mixed,B,A,A,79
Great River Harbor,3,8,ACSA,16.3,16,45.8,50,I,72,1.44907326,10,7.5,7.900000095,0.400000095,7.679166655,20148,20186,38,20163.43434,50,11.5,136,mixed,B,C,B,72
Great River Harbor,3,9,ACSA,7.2,7,45.8,50,I,65,0.28273536,10,7.5,7.900000095,0.400000095,7.679166655,20148,20186,38,20163.43434,50,11.5,136,mixed,C,,A,65
Great River Harbor,3,10,ACSA,9.9,9,48.4,60,S,79,0.53454654,10,7.5,7.900000095,0.400000095,7.679166655,20148,20186,38,20163.43434,50,11.5,136,mixed,B,B,A,79
Great River Harbor,3,11,ACSA,23,23,52.2,65,D,75,2.885166,10,7.5,7.900000095,0.400000095,7.679166655,20148,20186,38,20163.43434,50,11.5,136,mixed,C,C,C,75
Great River Harbor,3,12,PODE,33.7,33,84.9,15,D,68,6.19405326,10,7.5,7.900000095,0.400000095,7.679166655,20148,20186,38,20163.43434,50,11.5,136,mixed,C,C,C,68
Great River Harbor,3,13,ACSA,7.9,7,36.9,75,S,63,0.34038414,10,7.5,7.900000095,0.400000095,7.679166655,20148,20186,38,20163.43434,50,11.5,136,mixed,C,A,C,63
Great River Harbor,3,14,PODE,40.3,40,118.6,25,D,67,8.85778686,10,7.5,7.900000095,0.400000095,7.679166655,20148,20186,38,20163.43434,50,11.5,136,mixed,,,,67
Great River Harbor,4,1,TIAM,27.6,27,61.1,35,D,96,4.15463904,10,7.5,10.30000019,2.800000191,8.857692278,20136,20242,106,20192.80808,20,8.5,116.5,mixed,C,B,B,96
Great River Harbor,4,2,ACSA,23.5,23,66.9,40,D,105,3.0119715,10,7.5,10.30000019,2.800000191,8.857692278,20136,20242,106,20192.80808,20,8.5,116.5,mixed,C,B,B,105
Great River Harbor,4,3,FRPE,5.9,5,34.1,60,I,77,0.18985374,10,7.5,10.30000019,2.800000191,8.857692278,20136,20242,106,20192.80808,20,8.5,116.5,mixed,B,A,B,77
Great River Harbor,4,4,ACSA,36.6,36,70.6,55,D,99,7.30596024,10,7.5,10.30000019,2.800000191,8.857692278,20136,20242,106,20192.80808,20,8.5,116.5,mixed,C,B,B,99
Great River Harbor,4,5,TIAM,8.5,8,49.9,60,S,33,0.3940515,10,7.5,10.30000019,2.800000191,8.857692278,20136,20242,106,20192.80808,20,8.5,116.5,mixed,C,B,A,33
Great River Harbor,4,6,TIAM,5.8,5,49.9,60,S,16,0.18347256,10,7.5,10.30000019,2.800000191,8.857692278,20136,20242,106,20192.80808,20,8.5,116.5,mixed,B,B,A,16
Great River Harbor,4,7,QUEL,39,39,79.9,40,D,128,8.295534,10,7.5,10.30000019,2.800000191,8.857692278,20136,20242,106,20192.80808,20,8.5,116.5,mixed,B,A,A,128
Great River Harbor,4,8,TIAM,14,14,76.9,60,C,51,1.068984,10,7.5,10.30000019,2.800000191,8.857692278,20136,20242,106,20192.80808,20,8.5,116.5,mixed,,,,51
Indian Slough,1,1,BENI,5.7,5,37.5,30,I,20,0.17720046,10,9.199999809,11.5,2.300000191,10.77037031,20375,20489,114,20462.48515,10,8,105,mixed,A,C,A,40
Indian Slough,1,2,CEOC,6,6,27.5,30,S,42,0.196344,10,9.199999809,11.5,2.300000191,10.77037031,20375,20489,114,20462.48515,10,8,105,mixed,A,A,B,52
Indian Slough,1,3,BENI,5.3,5,37,35,I,18,0.15320286,10,9.199999809,11.5,2.300000191,10.77037031,20375,20489,114,20462.48515,10,8,105,mixed,A,A,B,70
Indian Slough,1,4,BENI,5.4,5,31.5,30,S,20,0.15903864,10,9.199999809,11.5,2.300000191,10.77037031,20375,20489,114,20462.48515,10,8,105,mixed,A,B,A,68
Indian Slough,1,5,BENI,8.4,8,36,60,D,NA,0.38483424,10,9.199999809,11.5,2.300000191,10.77037031,20375,20489,114,20462.48515,10,8,105,mixed,,,,73
Indian Slough,1,6,CEOC,6.8,6,42.7,50,C,36,0.25219296,10,9.199999809,11.5,2.300000191,10.77037031,20375,20489,114,20462.48515,10,8,105,mixed,B,A,B,NA
Indian Slough,1,7,ACSA,19.2,19,51.2,40,D,91,2.01056256,10,9.199999809,11.5,2.300000191,10.77037031,20375,20489,114,20462.48515,10,8,105,mixed,C,C,C,75
Indian Slough,1,8,CEOC,6.9,6,36.6,50,I,42,0.25966494,10,9.199999809,11.5,2.300000191,10.77037031,20375,20489,114,20462.48515,10,8,105,mixed,B,A,A,78
Indian Slough,1,9,CEOC,10.5,10,46.5,60,C,43,0.6013035,10,9.199999809,11.5,2.300000191,10.77037031,20375,20489,114,20462.48515,10,8,105,mixed,A,B,B,62
Indian Slough,1,10,ACSA,21.5,21,54.9,25,D,112,2.5211115,10,9.199999809,11.5,2.300000191,10.77037031,20375,20489,114,20462.48515,10,8,105,mixed,C,A,B,47
Indian Slough,1,11,ACSA,23.2,23,56.4,20,D,114,2.93556096,10,9.199999809,11.5,2.300000191,10.77037031,20375,20489,114,20462.48515,10,8,105,mixed,C,B,A,77
Indian Slough,2,1,ULAM,12.2,12,57.1,50,D,51,0.81177336,10,8,10.80000019,2.800000191,9.31250004,20366,20470,104,20416.49,10,8,105,mixed,B,C,C,20
Indian Slough,2,2,FRPE,17.3,17,50.5,80,D,98,1.63232766,10,8,10.80000019,2.800000191,9.31250004,20366,20470,104,20416.49,10,8,105,mixed,B,C,A,42
Indian Slough,2,3,FRPE,20.3,20,50.5,80,D,97,2.24753886,10,8,10.80000019,2.800000191,9.31250004,20366,20470,104,20416.49,10,8,105,mixed,,,,18
Indian Slough,2,4,FRPE,15.6,15,36.7,30,D,NA,1.32728544,10,8,10.80000019,2.800000191,9.31250004,20366,20470,104,20416.49,10,8,105,mixed,C,A,B,20
Indian Slough,2,5,PODE,33.3,33,90,50,D,112,6.04788606,10,8,10.80000019,2.800000191,9.31250004,20366,20470,104,20416.49,10,8,105,mixed,,,,NA
Indian Slough,2,6,ACSA,26.2,26,64.7,60,I,NA,3.74384376,10,8,10.80000019,2.800000191,9.31250004,20366,20470,104,20416.49,10,8,105,mixed,C,C,B,36
Indian Slough,2,7,ACSA,31.6,31,89.6,40,D,92,5.44614624,10,8,10.80000019,2.800000191,9.31250004,20366,20470,104,20416.49,10,8,105,mixed,,,,91
Indian Slough,3,1,CEOC,10.3,10,68.6,50,I,38,0.57861486,10,9.100000381,11,1.899999619,10.12307703,20340,20477,137,20440.33333,10,7,108.5,mixed,C,C,C,42
Indian Slough,3,2,ACSA,32.9,32,67.4,40,D,NA,5.90346414,10,9.100000381,11,1.899999619,10.12307703,20340,20477,137,20440.33333,10,7,108.5,mixed,,,,43
Indian Slough,3,3,ACSA,18.1,18,77.3,30,C,82,1.78678494,10,9.100000381,11,1.899999619,10.12307703,20340,20477,137,20440.33333,10,7,108.5,mixed,C,A,B,112
Indian Slough,3,4,ACSA,9.2,9,37.8,60,I,99,0.46162656,10,9.100000381,11,1.899999619,10.12307703,20340,20477,137,20440.33333,10,7,108.5,mixed,C,A,C,114
Indian Slough,3,5,FRPE,7.6,7,29.9,50,S,100,0.31502304,10,9.100000381,11,1.899999619,10.12307703,20340,20477,137,20440.33333,10,7,108.5,mixed,C,B,C,51
Indian Slough,3,6,CEOC,9.1,9,58.4,60,C,39,0.45164574,10,9.100000381,11,1.899999619,10.12307703,20340,20477,137,20440.33333,10,7,108.5,mixed,,,,98
Indian Slough,3,7,CEOC,9.9,9,45.4,30,C,44,0.53454654,10,9.100000381,11,1.899999619,10.12307703,20340,20477,137,20440.33333,10,7,108.5,mixed,B,A,B,97
Indian Slough,3,8,CEOC,14.9,14,60.9,50,D,76,1.21084254,10,9.100000381,11,1.899999619,10.12307703,20340,20477,137,20440.33333,10,7,108.5,mixed,A,,B,NA
Indian Slough,3,9,FRPE,10.7,10,42.6,70,S,NA,0.62442846,10,9.100000381,11,1.899999619,10.12307703,20340,20477,137,20440.33333,10,7,108.5,mixed,,,,112
Indian Slough,3,10,CEOC,7.3,7,38.7,70,S,42,0.29064366,10,9.100000381,11,1.899999619,10.12307703,20340,20477,137,20440.33333,10,7,108.5,mixed,A,B,C,NA
Indian Slough,3,11,CEOC,7.4,7,40.9,30,S,40,0.29866104,10,9.100000381,11,1.899999619,10.12307703,20340,20477,137,20440.33333,10,7,108.5,mixed,A,C,B,92
Indian Slough,4,1,ACSA,19.9,19,72,20,D,52,2.15983854,10,8.300000191,9.5,1.199999809,8.849999905,20385,20430,45,20408.31683,10,8,115,mixed,C,A,B,38
Indian Slough,4,2,ACSA,15.7,15,76.5,30,D,70,1.34435646,10,8.300000191,9.5,1.199999809,8.849999905,20385,20430,45,20408.31683,10,8,115,mixed,C,B,B,NA
Indian Slough,4,3,ACSA,7,7,37.3,40,I,68,0.267246,10,8.300000191,9.5,1.199999809,8.849999905,20385,20430,45,20408.31683,10,8,115,mixed,A,B,B,82
Indian Slough,4,4,ACSA,27.6,27,41.8,65,D,73,4.15463904,10,8.300000191,9.5,1.199999809,8.849999905,20385,20430,45,20408.31683,10,8,115,mixed,C,C,C,99
Indian Slough,4,5,FRPE,18,18,69.6,45,C,NA,1.767096,10,8.300000191,9.5,1.199999809,8.849999905,20385,20430,45,20408.31683,10,8,115,mixed,,,,100
Indian Slough,4,6,ACSA,18,18,79.7,55,C,75,1.767096,10,8.300000191,9.5,1.199999809,8.849999905,20385,20430,45,20408.31683,10,8,115,mixed,A,A,A,39
Indian Slough,4,7,ACSA,14.9,14,62.1,30,C,78,1.21084254,10,8.300000191,9.5,1.199999809,8.849999905,20385,20430,45,20408.31683,10,8,115,mixed,A,C,B,44
Indian Slough,4,8,ACSA,8.5,8,57.5,25,S,62,0.3940515,10,8.300000191,9.5,1.199999809,8.849999905,20385,20430,45,20408.31683,10,8,115,mixed,C,B,A,76
Indian Slough,4,9,FRPE,10.7,10,74.8,55,I,47,0.62442846,10,8.300000191,9.5,1.199999809,8.849999905,20385,20430,45,20408.31683,10,8,115,mixed,C,B,C,NA
Indian Slough,4,10,CEOC,9.5,9,49.6,10,I,77,0.4922235,10,8.300000191,9.5,1.199999809,8.849999905,20385,20430,45,20408.31683,10,8,115,mixed,A,B,A,42
Lake Rebecca,1,1,PODE,15.1,15,83.9,30,D,63,1.24356654,10,NA,NA,NA,NA,20867,20950,83,20898.88889,NA,NA,NA,mixed,C,C,C,63
Lake Rebecca,1,2,ACNE,8.3,8,52.8,80,I,44,0.37572606,10,NA,NA,NA,NA,20867,20950,83,20898.88889,NA,NA,NA,mixed,B,B,A,44
Lake Rebecca,1,3,ACNE,5.6,5,25.9,50,S,37,0.17103744,10,NA,NA,NA,NA,20867,20950,83,20898.88889,NA,NA,NA,mixed,C,,C,37
Lake Rebecca,1,4,ULAM,6.4,6,33.4,50,S,63,0.22339584,10,NA,NA,NA,NA,20867,20950,83,20898.88889,NA,NA,NA,mixed,C,C,B,63
Lake Rebecca,1,5,PODE,13.2,13,55.8,40,S,52,0.95030496,10,NA,NA,NA,NA,20867,20950,83,20898.88889,NA,NA,NA,mixed,B,,B,52
Lake Rebecca,1,6,PODE,20.7,20,93.9,40,D,63,2.33698446,10,NA,NA,NA,NA,20867,20950,83,20898.88889,NA,NA,NA,mixed,B,C,C,63
Lake Rebecca,1,7,PODE,14.8,14,89.8,40,C,62,1.19464416,10,NA,NA,NA,NA,20867,20950,83,20898.88889,NA,NA,NA,mixed,C,B,C,62
Lake Rebecca,1,8,PODE,22.9,22,103.3,30,D,63,2.86013214,10,NA,NA,NA,NA,20867,20950,83,20898.88889,NA,NA,NA,mixed,C,,A,63
Lake Rebecca,1,9,FRPE,5.1,5,63.9,50,S,64,0.14185854,10,NA,NA,NA,NA,20867,20950,83,20898.88889,NA,NA,NA,mixed,C,A,C,64
Lake Rebecca,1,10,FRPE,12.6,12,93.2,60,C,71,0.86587704,10,NA,NA,NA,NA,20867,20950,83,20898.88889,NA,NA,NA,mixed,C,A,B,71
Lake Rebecca,1,11,FRPE,7.9,7,69.7,60,I,53,0.34038414,10,NA,NA,NA,NA,20867,20950,83,20898.88889,NA,NA,NA,mixed,C,,C,53
Lake Rebecca,1,12,PODE,14.6,14,81.8,35,D,63,1.16257464,10,NA,NA,NA,NA,20867,20950,83,20898.88889,NA,NA,NA,mixed,C,B,C,63
Lake Rebecca,1,13,PODE,15.1,15,78.2,60,C,NA,1.24356654,10,NA,NA,NA,NA,20867,20950,83,20898.88889,NA,NA,NA,mixed,,,,NA
Lake Rebecca,1,14,ULAM,6.1,6,24.7,20,S,49,0.20294334,10,NA,NA,NA,NA,20867,20950,83,20898.88889,NA,NA,NA,mixed,B,B,C,49
Lake Rebecca,1,15,ULAM,5.5,5,38.5,40,S,NA,0.1649835,10,NA,NA,NA,NA,20867,20950,83,20898.88889,NA,NA,NA,mixed,C,B,C,NA
Lake Rebecca,1,16,PODE,16.2,16,98.8,40,D,NA,1.43134776,10,NA,NA,NA,NA,20867,20950,83,20898.88889,NA,NA,NA,mixed,,,,NA
Lake Rebecca,1,17,ULAM,9,9,45.1,60,I,NA,0.441774,10,NA,NA,NA,NA,20867,20950,83,20898.88889,NA,NA,NA,mixed,B,B,C,NA
Lake Rebecca,1,18,PODE,11.5,11,80.5,40,C,65,0.7212915,10,NA,NA,NA,NA,20867,20950,83,20898.88889,NA,NA,NA,mixed,B,C,C,65
Lake Rebecca,1,19,PODE,17.8,17,96.6,35,D,76,1.72804536,10,NA,NA,NA,NA,20867,20950,83,20898.88889,NA,NA,NA,mixed,C,C,A,76
Lake Rebecca,1,20,PODE,29.5,29,90.8,20,D,38,4.7463435,10,NA,NA,NA,NA,20867,20950,83,20898.88889,NA,NA,NA,mixed,C,C,C,38
Lake Rebecca,2,1,ACSA,11.5,11,63.5,25,D,63,0.7212915,10,NA,NA,NA,NA,20775,20804,29,20784.26263,NA,NA,NA,pure,A,,B,63
Lake Rebecca,2,2,ACSA,15.4,15,71.6,15,D,63,1.29347064,10,NA,NA,NA,NA,20775,20804,29,20784.26263,NA,NA,NA,pure,B,B,A,63
Lake Rebecca,2,3,ACSA,7.5,7,44.9,40,S,50,0.3067875,10,NA,NA,NA,NA,20775,20804,29,20784.26263,NA,NA,NA,pure,,,,50
Lake Rebecca,2,4,ACSA,11.4,11,59.7,30,D,62,0.70880184,10,NA,NA,NA,NA,20775,20804,29,20784.26263,NA,NA,NA,pure,A,,A,62
Lake Rebecca,2,5,ACSA,5.4,5,41.6,10,S,67,0.15903864,10,NA,NA,NA,NA,20775,20804,29,20784.26263,NA,NA,NA,pure,B,,B,67
Lake Rebecca,2,6,FRPE,12.7,12,45.6,30,C,67,0.87967566,10,NA,NA,NA,NA,20775,20804,29,20784.26263,NA,NA,NA,pure,A,A,B,67
Lake Rebecca,2,7,ACSA,7.6,7,37.8,10,S,64,0.31502304,10,NA,NA,NA,NA,20775,20804,29,20784.26263,NA,NA,NA,pure,A,B,B,64
Lake Rebecca,2,8,ACSA,13,13,60.4,20,D,62,0.921726,10,NA,NA,NA,NA,20775,20804,29,20784.26263,NA,NA,NA,pure,C,C,B,62
Lake Rebecca,2,9,ACSA,5.7,5,34.8,30,C,64,0.17720046,10,NA,NA,NA,NA,20775,20804,29,20784.26263,NA,NA,NA,pure,A,C,C,64
Lake Rebecca,2,10,ACSA,10.2,10,56,40,D,71,0.56743416,10,NA,NA,NA,NA,20775,20804,29,20784.26263,NA,NA,NA,pure,C,,B,71
Lake Rebecca,2,11,ACSA,8.3,8,39.3,60,D,61,0.37572606,10,NA,NA,NA,NA,20775,20804,29,20784.26263,NA,NA,NA,pure,A,,B,61
Lake Rebecca,2,12,ACSA,9.9,9,47.1,20,C,NA,0.53454654,10,NA,NA,NA,NA,20775,20804,29,20784.26263,NA,NA,NA,pure,,,,NA
Lake Rebecca,2,13,ACSA,5.2,5,14.6,60,S,65,0.14747616,10,NA,NA,NA,NA,20775,20804,29,20784.26263,NA,NA,NA,pure,B,,B,65
Lake Rebecca,2,14,ACSA,6.1,6,38.2,60,S,NA,0.20294334,10,NA,NA,NA,NA,20775,20804,29,20784.26263,NA,NA,NA,pure,A,C,C,NA
Lake Rebecca,2,15,ACSA,9.8,9,46.8,40,S,60,0.52380216,10,NA,NA,NA,NA,20775,20804,29,20784.26263,NA,NA,NA,pure,A,C,A,60
Lake Rebecca,2,16,ACSA,11,11,43.4,30,C,59,0.659934,10,NA,NA,NA,NA,20775,20804,29,20784.26263,NA,NA,NA,pure,B,,B,59
Lake Rebecca,2,17,ACSA,6,6,37.1,50,S,57,0.196344,10,NA,NA,NA,NA,20775,20804,29,20784.26263,NA,NA,NA,pure,C,B,C,57
Lake Rebecca,2,18,ACSA,14.5,14,53.4,20,C,57,1.1467035,10,NA,NA,NA,NA,20775,20804,29,20784.26263,NA,NA,NA,pure,C,,B,57
Lake Rebecca,2,19,ACSA,15.8,15,60.7,15,C,63,1.36153656,10,NA,NA,NA,NA,20775,20804,29,20784.26263,NA,NA,NA,pure,A,B,C,63
Lake Rebecca,2,20,ACSA,5.3,5,38.1,70,S,48,0.15320286,10,NA,NA,NA,NA,20775,20804,29,20784.26263,NA,NA,NA,pure,C,B,C,48
Lake Rebecca,2,21,ACSA,5.9,5,28.1,80,S,59,0.18985374,10,NA,NA,NA,NA,20775,20804,29,20784.26263,NA,NA,NA,pure,B,,B,59
Lake Rebecca,2,22,ACSA,10.2,10,42.7,15,C,55,0.56743416,10,NA,NA,NA,NA,20775,20804,29,20784.26263,NA,NA,NA,pure,C,C,C,55
Lake Rebecca,2,23,ACSA,6.7,6,33.5,20,S,60,0.24483006,10,NA,NA,NA,NA,20775,20804,29,20784.26263,NA,NA,NA,pure,A,B,B,60
Lake Rebecca,2,24,ACSA,17.2,17,44.5,10,S,54,1.61351136,10,NA,NA,NA,NA,20775,20804,29,20784.26263,NA,NA,NA,pure,C,,B,54
Lake Rebecca,2,25,ACSA,9.8,9,36.8,30,S,64,0.52380216,10,NA,NA,NA,NA,20775,20804,29,20784.26263,NA,NA,NA,pure,A,C,A,64
Lake Rebecca,2,26,ACSA,7.7,7,49.6,20,S,64,0.32336766,10,NA,NA,NA,NA,20775,20804,29,20784.26263,NA,NA,NA,pure,,,,64
Lake Rebecca,2,27,ULAM,10.1,10,27.7,20,S,NA,0.55636254,10,NA,NA,NA,NA,20775,20804,29,20784.26263,NA,NA,NA,pure,,,,NA
Lake Rebecca,2,28,ACSA,6.5,6,42.5,40,S,63,0.2304315,10,NA,NA,NA,NA,20775,20804,29,20784.26263,NA,NA,NA,pure,B,B,C,63
Lake Rebecca,2,29,ACSA,9.9,9,53.7,40,S,59,0.53454654,10,NA,NA,NA,NA,20775,20804,29,20784.26263,NA,NA,NA,pure,C,C,B,59
Lake Rebecca,2,30,PODE,61.8,61,97.2,10,D,101,20.83013496,10,NA,NA,NA,NA,20775,20804,29,20784.26263,NA,NA,NA,pure,C,C,B,101
Lake Rebecca,3,1,ACSA,7.5,7,37.7,40,S,62,0.3067875,10,NA,NA,NA,NA,20746,20775,29,20755.25,NA,NA,NA,mixed,B,C,C,62
Lake Rebecca,3,2,ACSA,11.1,11,48.6,10,I,66,0.67198734,10,NA,NA,NA,NA,20746,20775,29,20755.25,NA,NA,NA,mixed,B,C,B,66
Lake Rebecca,3,3,FRPE,10.7,10,48,5,S,67,0.62442846,10,NA,NA,NA,NA,20746,20775,29,20755.25,NA,NA,NA,mixed,C,,C,67
Lake Rebecca,3,4,FRPE,15.5,15,61.2,15,D,76,1.3103235,10,NA,NA,NA,NA,20746,20775,29,20755.25,NA,NA,NA,mixed,B,,B,76
Lake Rebecca,3,5,FRPE,12.2,12,31.1,40,I,88,0.81177336,10,NA,NA,NA,NA,20746,20775,29,20755.25,NA,NA,NA,mixed,C,B,C,88
Lake Rebecca,3,6,FRPE,12.2,12,54.3,20,C,76,0.81177336,10,NA,NA,NA,NA,20746,20775,29,20755.25,NA,NA,NA,mixed,C,B,B,76
Lake Rebecca,3,7,FRPE,8.8,8,31.5,20,S,85,0.42235776,10,NA,NA,NA,NA,20746,20775,29,20755.25,NA,NA,NA,mixed,A,C,C,85
Lake Rebecca,3,8,ACSA,33.5,33,75.4,30,C,NA,6.1207515,10,NA,NA,NA,NA,20746,20775,29,20755.25,NA,NA,NA,mixed,,,,NA
Lake Rebecca,3,9,FRPE,13,13,48.4,40,C,104,0.921726,10,NA,NA,NA,NA,20746,20775,29,20755.25,NA,NA,NA,mixed,B,A,B,104
Lake Rebecca,3,10,ACSA,10,10,55.6,30,I,64,0.5454,10,NA,NA,NA,NA,20746,20775,29,20755.25,NA,NA,NA,mixed,A,C,B,64
Lake Rebecca,3,11,PODE,20.2,20,61.9,15,D,66,2.22545016,10,NA,NA,NA,NA,20746,20775,29,20755.25,NA,NA,NA,mixed,C,B,B,66
Lake Rebecca,3,12,ACSA,12.1,12,59.5,20,C,61,0.79852014,10,NA,NA,NA,NA,20746,20775,29,20755.25,NA,NA,NA,mixed,C,C,C,61
Lake Rebecca,3,13,ACSA,11.8,11,44.3,30,I,58,0.75941496,10,NA,NA,NA,NA,20746,20775,29,20755.25,NA,NA,NA,mixed,C,,B,58
Lake Rebecca,3,14,PODE,18.5,18,67.1,10,D,63,1.8666315,10,NA,NA,NA,NA,20746,20775,29,20755.25,NA,NA,NA,mixed,C,B,C,63
Lake Rebecca,3,15,ACSA,9.2,9,53.5,25,I,68,0.46162656,10,NA,NA,NA,NA,20746,20775,29,20755.25,NA,NA,NA,mixed,A,B,C,68
Lake Rebecca,3,16,ACSA,15.9,15,63.3,50,C,61,1.37882574,10,NA,NA,NA,NA,20746,20775,29,20755.25,NA,NA,NA,mixed,C,C,B,61
Lake Rebecca,3,17,ACSA,7.9,7,43.2,20,S,66,0.34038414,10,NA,NA,NA,NA,20746,20775,29,20755.25,NA,NA,NA,mixed,A,B,B,66
Lake Rebecca,3,18,ACSA,6.8,6,28.3,40,S,67,0.25219296,10,NA,NA,NA,NA,20746,20775,29,20755.25,NA,NA,NA,mixed,A,C,C,67
Lake Rebecca,3,19,ACSA,6.5,6,43.7,50,S,59,0.2304315,10,NA,NA,NA,NA,20746,20775,29,20755.25,NA,NA,NA,mixed,B,C,C,59
Lake Rebecca,3,20,PODE,23.1,23,92.1,10,D,60,2.91030894,10,NA,NA,NA,NA,20746,20775,29,20755.25,NA,NA,NA,mixed,C,,B,60
Lake Rebecca,3,21,ACSA,10.2,10,41.1,50,I,59,0.56743416,10,NA,NA,NA,NA,20746,20775,29,20755.25,NA,NA,NA,mixed,C,C,B,59
Lake Rebecca,3,22,ACSA,9.1,9,64.7,10,C,55,0.45164574,10,NA,NA,NA,NA,20746,20775,29,20755.25,NA,NA,NA,mixed,C,,C,55
Lake Rebecca,4,1,ACSA,10.7,10,70.7,30,I,72,0.62442846,10,NA,NA,NA,NA,20759,20785,26,20770.20792,NA,NA,NA,mixed,A,C,B,72
Lake Rebecca,4,2,ACSA,7.3,7,27,50,S,66,0.29064366,10,NA,NA,NA,NA,20759,20785,26,20770.20792,NA,NA,NA,mixed,B,C,B,66
Lake Rebecca,4,3,PODE,27.9,27,85.4,20,D,63,4.24544814,10,NA,NA,NA,NA,20759,20785,26,20770.20792,NA,NA,NA,mixed,C,B,B,63
Lake Rebecca,4,4,FRPE,9.5,9,57.4,5,S,61,0.4922235,10,NA,NA,NA,NA,20759,20785,26,20770.20792,NA,NA,NA,mixed,C,B,B,61
Lake Rebecca,4,5,ULAM,8.2,8,34.1,80,I,61,0.36672696,10,NA,NA,NA,NA,20759,20785,26,20770.20792,NA,NA,NA,mixed,C,,C,61
Lake Rebecca,4,6,ACSA,16.7,16,52.6,40,C,69,1.52106606,10,NA,NA,NA,NA,20759,20785,26,20770.20792,NA,NA,NA,mixed,C,C,C,69
Lake Rebecca,4,7,ULAM,6.8,6,37,80,I,68,0.25219296,10,NA,NA,NA,NA,20759,20785,26,20770.20792,NA,NA,NA,mixed,A,B,B,68
Lake Rebecca,4,8,ACSA,13.3,13,62.9,40,C,69,0.96475806,10,NA,NA,NA,NA,20759,20785,26,20770.20792,NA,NA,NA,mixed,C,,A,69
Lake Rebecca,4,9,FRPE,7.9,7,51.6,70,I,72,0.34038414,10,NA,NA,NA,NA,20759,20785,26,20770.20792,NA,NA,NA,mixed,A,A,A,72
Lake Rebecca,4,10,PODE,17.9,17,58.6,20,D,59,1.74751614,10,NA,NA,NA,NA,20759,20785,26,20770.20792,NA,NA,NA,mixed,C,B,C,59
Lake Rebecca,4,11,ACSA,8.3,8,47.4,40,I,67,0.37572606,10,NA,NA,NA,NA,20759,20785,26,20770.20792,NA,NA,NA,mixed,A,B,B,67
Lake Rebecca,4,12,ACSA,5.9,5,33.8,40,I,66,0.18985374,10,NA,NA,NA,NA,20759,20785,26,20770.20792,NA,NA,NA,mixed,B,C,B,66
Lake Rebecca,4,13,FRPE,8.6,8,48.9,80,I,71,0.40337784,10,NA,NA,NA,NA,20759,20785,26,20770.20792,NA,NA,NA,mixed,A,A,B,71
Lake Rebecca,4,14,PODE,28.1,28,98.8,15,D,69,4.30653294,10,NA,NA,NA,NA,20759,20785,26,20770.20792,NA,NA,NA,mixed,C,B,C,69
Lake Rebecca,4,15,ACSA,13.5,13,54.3,40,I,68,0.9939915,10,NA,NA,NA,NA,20759,20785,26,20770.20792,NA,NA,NA,mixed,A,B,C,68
Lake Rebecca,4,16,FRPE,6,6,31,70,I,45,0.196344,10,NA,NA,NA,NA,20759,20785,26,20770.20792,NA,NA,NA,mixed,A,B,B,45
Lake Rebecca,4,17,PODE,15.5,15,93.7,20,C,73,1.3103235,10,NA,NA,NA,NA,20759,20785,26,20770.20792,NA,NA,NA,mixed,C,B,C,73
Lake Rebecca,4,18,FRPE,7.1,7,42.5,70,I,71,0.27493614,10,NA,NA,NA,NA,20759,20785,26,20770.20792,NA,NA,NA,mixed,A,A,C,71
Lake Rebecca,4,19,FRPE,7.9,7,36.1,80,I,67,0.34038414,10,NA,NA,NA,NA,20759,20785,26,20770.20792,NA,NA,NA,mixed,A,A,C,67
Lake Rebecca,4,20,FRPE,6.3,6,36.1,80,I,67,0.21646926,10,NA,NA,NA,NA,20759,20785,26,20770.20792,NA,NA,NA,mixed,C,B,B,67
Lake Rebecca,4,21,ACSA,15.1,15,60,50,C,69,1.24356654,10,NA,NA,NA,NA,20759,20785,26,20770.20792,NA,NA,NA,mixed,,,,69
Lake Rebecca,5,1,ULAM,7.7,7,31.6,60,I,NA,0.32336766,10,NA,NA,NA,NA,20795,20865,70,20819.06931,NA,NA,NA,mixed,,,,NA
Lake Rebecca,5,2,PODE,24.6,24,74.6,20,D,71,3.30054264,10,NA,NA,NA,NA,20795,20865,70,20819.06931,NA,NA,NA,mixed,C,C,C,71
Lake Rebecca,5,3,PODE,34.8,34,75.3,30,D,65,6.60501216,10,NA,NA,NA,NA,20795,20865,70,20819.06931,NA,NA,NA,mixed,C,B,C,65
Lake Rebecca,5,4,PODE,23,23,107,15,D,73,2.885166,10,NA,NA,NA,NA,20795,20865,70,20819.06931,NA,NA,NA,mixed,C,C,B,73
Lake Rebecca,5,5,ACSA,15.5,15,55.7,40,I,68,1.3103235,10,NA,NA,NA,NA,20795,20865,70,20819.06931,NA,NA,NA,mixed,A,C,C,68
Lake Rebecca,5,6,PODE,27,27,75.8,20,D,71,3.975966,10,NA,NA,NA,NA,20795,20865,70,20819.06931,NA,NA,NA,mixed,C,C,B,71
Lake Rebecca,5,7,PODE,28.6,28,80.7,25,C,68,4.46115384,10,NA,NA,NA,NA,20795,20865,70,20819.06931,NA,NA,NA,mixed,C,B,C,68
Lake Rebecca,5,8,ACSA,14,14,51.4,40,C,67,1.068984,10,NA,NA,NA,NA,20795,20865,70,20819.06931,NA,NA,NA,mixed,B,C,B,67
Lake Rebecca,5,9,FRPE,5.6,5,29.5,30,S,29,0.17103744,10,NA,NA,NA,NA,20795,20865,70,20819.06931,NA,NA,NA,mixed,B,B,C,29
Lake Rebecca,5,10,ULAM,6.5,6,26.3,40,S,41,0.2304315,10,NA,NA,NA,NA,20795,20865,70,20819.06931,NA,NA,NA,mixed,B,A,C,41
Lake Rebecca,5,11,ACSA,14.2,14,50.4,50,C,59,1.09974456,10,NA,NA,NA,NA,20795,20865,70,20819.06931,NA,NA,NA,mixed,A,C,B,59
McNally's Landing,1,1,FRPE,8.3,8,57.1,0,D,60,0.37572606,10,NA,NA,NA,NA,19897,19929,32,19910.59,NA,NA,NA,mixed,C,B,B,49
McNally's Landing,1,2,FRPE,16,16,77.9,0,D,33,1.396224,10,NA,NA,NA,NA,19897,19929,32,19910.59,NA,NA,NA,mixed,C,A,C,49
McNally's Landing,1,3,FRPE,8,8,45.6,0,I,49,0.349056,10,NA,NA,NA,NA,19897,19929,32,19910.59,NA,NA,NA,mixed,C,,B,55
McNally's Landing,1,4,FRPE,8.4,8,35.7,0,S,61,0.38483424,10,NA,NA,NA,NA,19897,19929,32,19910.59,NA,NA,NA,mixed,A,A,A,51
McNally's Landing,1,5,FRPE,14,14,63,0,D,50,1.068984,10,NA,NA,NA,NA,19897,19929,32,19910.59,NA,NA,NA,mixed,C,B,A,51
McNally's Landing,1,6,FRPE,16.3,16,63,0,D,39,1.44907326,10,NA,NA,NA,NA,19897,19929,32,19910.59,NA,NA,NA,mixed,A,B,A,52
McNally's Landing,1,7,FRPE,11.7,11,56.1,0,D,59,0.74659806,10,NA,NA,NA,NA,19897,19929,32,19910.59,NA,NA,NA,mixed,A,C,C,36
McNally's Landing,1,8,FRPE,13.5,13,55,0,D,47,0.9939915,10,NA,NA,NA,NA,19897,19929,32,19910.59,NA,NA,NA,mixed,B,A,A,36
McNally's Landing,1,9,FRPE,6.2,6,55,0,D,42,0.20965176,10,NA,NA,NA,NA,19897,19929,32,19910.59,NA,NA,NA,mixed,C,A,A,53
McNally's Landing,1,10,FRPE,10.8,10,28.2,0,S,58,0.63615456,10,NA,NA,NA,NA,19897,19929,32,19910.59,NA,NA,NA,mixed,C,A,A,36
McNally's Landing,1,11,FRPE,12.3,12,45.6,0,C,52,0.82513566,10,NA,NA,NA,NA,19897,19929,32,19910.59,NA,NA,NA,mixed,A,A,A,34
McNally's Landing,1,12,FRPE,18.5,18,57.1,5,D,51,1.8666315,10,NA,NA,NA,NA,19897,19929,32,19910.59,NA,NA,NA,mixed,A,B,A,34
McNally's Landing,1,13,FRPE,10.5,10,56,5,D,49,0.6013035,10,NA,NA,NA,NA,19897,19929,32,19910.59,NA,NA,NA,mixed,C,B,A,34
McNally's Landing,1,14,FRPE,10.7,10,55.3,5,D,49,0.62442846,10,NA,NA,NA,NA,19897,19929,32,19910.59,NA,NA,NA,mixed,B,B,B,52
McNally's Landing,1,15,FRPE,9.2,9,51,0,C,55,0.46162656,10,NA,NA,NA,NA,19897,19929,32,19910.59,NA,NA,NA,mixed,C,A,A,36
McNally's Landing,1,16,FRPE,10.8,10,46.8,0,I,51,0.63615456,10,NA,NA,NA,NA,19897,19929,32,19910.59,NA,NA,NA,mixed,B,C,B,46
McNally's Landing,1,17,FRPE,10.1,10,52.9,10,C,51,0.55636254,10,NA,NA,NA,NA,19897,19929,32,19910.59,NA,NA,NA,mixed,,,,78
McNally's Landing,1,18,FRPE,12.8,12,36.5,5,S,52,0.89358336,10,NA,NA,NA,NA,19897,19929,32,19910.59,NA,NA,NA,mixed,,,,70
McNally's Landing,2,1,CEOC,13.4,13,58.5,20,C,36,0.97932024,10,NA,NA,NA,NA,19984,20039,55,20009.57,NA,NA,NA,mixed,C,B,B,60
McNally's Landing,2,2,CEOC,11.4,11,57.6,20,C,36,0.70880184,10,NA,NA,NA,NA,19984,20039,55,20009.57,NA,NA,NA,mixed,C,A,B,33
McNally's Landing,2,3,CEOC,14.6,14,59.2,35,C,53,1.16257464,10,NA,NA,NA,NA,19984,20039,55,20009.57,NA,NA,NA,mixed,B,A,B,49
McNally's Landing,2,4,ULAM,10.5,10,45.3,50,I,36,0.6013035,10,NA,NA,NA,NA,19984,20039,55,20009.57,NA,NA,NA,mixed,B,A,A,61
McNally's Landing,2,5,ULAM,12.6,12,45.3,50,I,34,0.86587704,10,NA,NA,NA,NA,19984,20039,55,20009.57,NA,NA,NA,mixed,B,B,A,50
McNally's Landing,2,6,CEOC,21,21,61.7,35,D,34,2.405214,10,NA,NA,NA,NA,19984,20039,55,20009.57,NA,NA,NA,mixed,C,A,B,39
McNally's Landing,2,7,ULAM,12.2,12,40.8,25,I,34,0.81177336,10,NA,NA,NA,NA,19984,20039,55,20009.57,NA,NA,NA,mixed,B,B,B,59
McNally's Landing,2,8,CEOC,17.5,17,54.4,35,D,52,1.6702875,10,NA,NA,NA,NA,19984,20039,55,20009.57,NA,NA,NA,mixed,B,A,B,47
McNally's Landing,2,9,CEOC,12.6,12,45.4,20,C,36,0.86587704,10,NA,NA,NA,NA,19984,20039,55,20009.57,NA,NA,NA,mixed,B,A,A,42
McNally's Landing,2,10,CEOC,18.6,18,59.6,15,C,46,1.88686584,10,NA,NA,NA,NA,19984,20039,55,20009.57,NA,NA,NA,mixed,A,C,A,58
McNally's Landing,2,11,FRPE,18.2,18,65.2,50,D,78,1.80658296,10,NA,NA,NA,NA,19984,20039,55,20009.57,NA,NA,NA,mixed,,,,52
McNally's Landing,2,12,FRPE,11.5,11,65.2,50,D,70,0.7212915,10,NA,NA,NA,NA,19984,20039,55,20009.57,NA,NA,NA,mixed,,,,51
Minnesota City Boat Club,1,1,TIAM,16.2,16,51.9,70,D,60,1.43134776,10,9.899999619,11,1.100000381,10.24166663,19912,19951,39,19927.04,10,8,116.5,mixed,B,C,C,76
Minnesota City Boat Club,1,2,ULAM,8.9,8,52.2,90,D,21,0.43201134,10,9.899999619,11,1.100000381,10.24166663,19912,19951,39,19927.04,10,8,116.5,mixed,B,A,B,79
Minnesota City Boat Club,1,3,FRPE,10.7,10,65,80,D,76,0.62442846,10,9.899999619,11,1.100000381,10.24166663,19912,19951,39,19927.04,10,8,116.5,mixed,A,B,A,72
Minnesota City Boat Club,1,4,FRPE,6.3,6,36,70,S,63,0.21646926,10,9.899999619,11,1.100000381,10.24166663,19912,19951,39,19927.04,10,8,116.5,mixed,B,B,B,74
Minnesota City Boat Club,1,5,PODE,34.6,34,85,25,D,74,6.52931064,10,9.899999619,11,1.100000381,10.24166663,19912,19951,39,19927.04,10,8,116.5,mixed,C,B,C,52
Minnesota City Boat Club,1,6,FRPE,11.6,11,45.6,35,C,39,0.73389024,10,9.899999619,11,1.100000381,10.24166663,19912,19951,39,19927.04,10,8,116.5,mixed,C,A,A,81
Minnesota City Boat Club,2,1,PODE,19.8,19,60,10,D,74,2.13818616,10,8.399999619,9,0.600000381,8.571999969,19863,19892,29,19875.4,20,9,117,mixed,C,C,C,60
Minnesota City Boat Club,2,2,PODE,26.3,26,67,20,D,75,3.77247726,10,8.399999619,9,0.600000381,8.571999969,19863,19892,29,19875.4,20,9,117,mixed,C,A,C,21
Minnesota City Boat Club,2,3,ACSA,23.3,23,61,30,C,74,2.96092206,10,8.399999619,9,0.600000381,8.571999969,19863,19892,29,19875.4,20,9,117,mixed,C,B,A,76
Minnesota City Boat Club,2,4,ACSA,13.1,13,54,45,I,76,0.93596094,10,8.399999619,9,0.600000381,8.571999969,19863,19892,29,19875.4,20,9,117,mixed,B,,C,63
Minnesota City Boat Club,2,5,ACSA,10.3,10,57,65,I,78,0.57861486,10,8.399999619,9,0.600000381,8.571999969,19863,19892,29,19875.4,20,9,117,mixed,B,,A,74
Minnesota City Boat Club,2,6,PODE,19.1,19,64,15,D,82,1.98967374,10,8.399999619,9,0.600000381,8.571999969,19863,19892,29,19875.4,20,9,117,mixed,B,B,C,39
Minnesota City Boat Club,2,7,ACSA,18.7,18,52,35,I,76,1.90720926,10,8.399999619,9,0.600000381,8.571999969,19863,19892,29,19875.4,20,9,117,mixed,B,,A,74
Minnesota City Boat Club,2,8,ACSA,9.6,9,50,60,S,79,0.50264064,10,8.399999619,9,0.600000381,8.571999969,19863,19892,29,19875.4,20,9,117,mixed,C,B,C,75
Minnesota City Boat Club,2,9,ACSA,11.3,11,50,60,S,72,0.69642126,10,8.399999619,9,0.600000381,8.571999969,19863,19892,29,19875.4,20,9,117,mixed,B,C,A,74
Minnesota City Boat Club,2,10,PODE,22.8,22,66,30,D,74,2.83520736,10,8.399999619,9,0.600000381,8.571999969,19863,19892,29,19875.4,20,9,117,mixed,A,A,A,76
Minnesota City Boat Club,2,11,ULAM,5.9,5,32,90,S,52,0.18985374,10,8.399999619,9,0.600000381,8.571999969,19863,19892,29,19875.4,20,9,117,mixed,C,B,A,78
Minnesota City Boat Club,2,12,PODE,21.6,21,66,15,D,81,2.54461824,10,8.399999619,9,0.600000381,8.571999969,19863,19892,29,19875.4,20,9,117,mixed,,,,82
